{"area": 1874.182299405315, "cycles": 12880236, "energy": {"buffer": 1381879.8683050945, "main_memory": 22913289.26318607, "mac_lanes": [1526961986.413714, 93745120.65506804], "softmax": [116732.23636114306, 8997.680859428598], "patchifier": [395.73300838400087, 234.70193868799933], "layer_norm": [60024.2187702857, 3526.1890559999997], "sparsity": [2807369539.5784144, 940574290.2523499], "others": [1839198619.5080166, 441570485.2224888]}}