{"area": 1829.6963167631302, "cycles": 14368, "energy": {"buffer": 13776.31274978547, "main_memory": 106080.04288512, "mac_lanes": [902790.9807542857, 55425.249724708556], "softmax": [3242.5621211428574, 249.93557942857143], "patchifier": [0, 0], "layer_norm": [1026.0550217142857, 60.276736], "sparsity": [2096457.519127406, 702392.0489618285], "others": [1373457.1529245256, 329751.3031036342]}}