{"area": 1874.182299405315, "cycles": 4164278, "energy": {"buffer": 380226.23189408536, "main_memory": 22913289.26318607, "mac_lanes": [469856009.3974007, 28845975.65844889], "softmax": [116732.23636114306, 8997.680859428598], "patchifier": [516.8757660525707, 306.54947093942855], "layer_norm": [18468.990390857143, 1084.9812479999998], "sparsity": [841518048.1777424, 281940168.4532751], "others": [551305701.1839037, 132362173.0657975]}}