{"area": 55.45445360960002, "cycles": 167596, "energy": {"buffer": 4870.662082560001, "main_memory": 165123.38190336002, "mac_lanes": [786050.7677257145, 48258.19157065141], "softmax": [810.6405302857144, 62.48389485714286], "patchifier": [0, 0], "layer_norm": [1026.0550217142857, 60.276736], "sparsity": [131028.59494546287, 43899.50306011428], "others": [171682.1441155657, 41218.91288795428]}}