{"area": 1829.6963167631302, "cycles": 8049525, "energy": {"buffer": 826578.7649871367, "main_memory": 22913289.26318607, "mac_lanes": [937470606.7046549, 57554343.800339796], "softmax": [116732.23636114306, 8997.680859428598], "patchifier": [0, 0], "layer_norm": [36937.98078171429, 2169.9624959999996], "sparsity": [1698130590.493195, 568937559.659081], "others": [1112500293.8688724, 267098555.5139423]}}