{"area": 55.45445360960002, "cycles": 101919, "energy": {"buffer": 2110.620235776001, "main_memory": 165123.38190336002, "mac_lanes": [657636.5333942857, 40374.42760118856], "softmax": [202.6601325714286, 15.620973714285714], "patchifier": [16.152367689142835, 9.579670966857142], "layer_norm": [513.0275108571428, 30.138368], "sparsity": [52411.43797818515, 17559.801224045714], "others": [68672.85764622629, 16487.56515518171]}}